{
	"credit": "Made with Blockbench",
	"textures": {
		"0": "emr:t/t",
		"particle": "emr:t/t"
	},
	"elements": [
		{
			"from": [3.36364, 5, 4.5],
			"to": [7.36364, 11, 11.5],
			"rotation": {"angle": 0, "axis": "y", "origin": [8, 8, 8]},
			"faces": {
				"north": {"uv": [12, 0, 16, 6], "texture": "#0"},
				"east": {"uv": [4, 1, 11, 7], "texture": "#0"},
				"south": {"uv": [12, 0, 16, 6], "texture": "#0"},
				"west": {"uv": [4, 1, 11, 7], "texture": "#0"},
				"up": {"uv": [11, 1, 15, 8], "texture": "#0"},
				"down": {"uv": [7, 0, 11, 7], "texture": "#0"}
			}
		},
		{
			"from": [7.36364, 10, 4.5],
			"to": [9.36364, 11, 11.5],
			"rotation": {"angle": 0, "axis": "y", "origin": [8, 8, 8]},
			"faces": {
				"north": {"uv": [14, 0, 16, 1], "texture": "#0"},
				"east": {"uv": [9, 0, 16, 1], "texture": "#0"},
				"south": {"uv": [14, 1, 16, 2], "texture": "#0"},
				"west": {"uv": [9, 1, 16, 2], "texture": "#0"},
				"up": {"uv": [14, 0, 16, 6], "texture": "#0"},
				"down": {"uv": [14, 0, 16, 6], "texture": "#0"}
			}
		},
		{
			"from": [7.36364, 5, 4.5],
			"to": [9.36364, 6, 11.5],
			"rotation": {"angle": 0, "axis": "y", "origin": [8, 8, 8]},
			"faces": {
				"north": {"uv": [9, 0, 11, 1], "texture": "#0"},
				"east": {"uv": [9, 0, 16, 1], "texture": "#0"},
				"south": {"uv": [9, 0, 11, 1], "texture": "#0"},
				"west": {"uv": [9, 0, 16, 1], "texture": "#0"},
				"up": {"uv": [9, 0, 16, 2], "texture": "#0"},
				"down": {"uv": [9, 0, 16, 2], "texture": "#0"}
			}
		},
		{
			"from": [7.36364, 9, 4.5],
			"to": [10.36364, 10, 11.5],
			"rotation": {"angle": 0, "axis": "y", "origin": [8, 8, 8]},
			"faces": {
				"north": {"uv": [13, 0, 16, 1], "texture": "#0"},
				"east": {"uv": [7, 0, 14, 1], "texture": "#0"},
				"south": {"uv": [4, 2, 7, 3], "texture": "#0"},
				"west": {"uv": [7, 0, 15, 1], "texture": "#0"},
				"up": {"uv": [7, 0, 10, 6], "texture": "#0"},
				"down": {"uv": [7, 0, 10, 6], "texture": "#0"}
			}
		},
		{
			"from": [7.36364, 6, 5.5],
			"to": [8.36364, 7, 10.5],
			"rotation": {"angle": 0, "axis": "y", "origin": [8, 8, 8]},
			"faces": {
				"north": {"uv": [4, 8, 5, 9], "texture": "#0"},
				"east": {"uv": [0, 8, 5, 9], "texture": "#0"},
				"south": {"uv": [0, 8, 1, 9], "texture": "#0"},
				"west": {"uv": [0, 8, 5, 9], "texture": "#0"},
				"up": {"uv": [0, 8, 5, 9], "texture": "#0"},
				"down": {"uv": [0, 8, 5, 9], "texture": "#0"}
			}
		},
		{
			"from": [7.36364, 8, 5.5],
			"to": [8.36364, 9, 7.5],
			"rotation": {"angle": 0, "axis": "y", "origin": [8, 8, 8]},
			"faces": {
				"north": {"uv": [4, 8, 5, 9], "texture": "#0"},
				"east": {"uv": [3, 8, 5, 9], "texture": "#0"},
				"south": {"uv": [3, 8, 4, 9], "texture": "#0"},
				"west": {"uv": [3, 8, 5, 9], "texture": "#0"},
				"up": {"uv": [3, 8, 5, 9], "texture": "#0"},
				"down": {"uv": [3, 8, 5, 9], "texture": "#0"}
			}
		},
		{
			"from": [7.36364, 8, 8.5],
			"to": [8.36364, 9, 10.5],
			"rotation": {"angle": 0, "axis": "y", "origin": [8, 8, 8]},
			"faces": {
				"north": {"uv": [1, 8, 2, 9], "texture": "#0"},
				"east": {"uv": [0, 8, 2, 9], "texture": "#0"},
				"south": {"uv": [0, 8, 1, 9], "texture": "#0"},
				"west": {"uv": [0, 8, 2, 9], "texture": "#0"},
				"up": {"uv": [0, 8, 2, 9], "texture": "#0"},
				"down": {"uv": [0, 8, 2, 9], "texture": "#0"}
			}
		},
		{
			"from": [7.36364, 8, 7.5],
			"to": [9.36364, 9, 8.5],
			"rotation": {"angle": 0, "axis": "y", "origin": [8, 8, 8]},
			"faces": {
				"north": {"uv": [13, 4, 14, 5], "texture": "#0"},
				"east": {"uv": [13, 4, 14, 5], "texture": "#0"},
				"south": {"uv": [13, 4, 14, 5], "texture": "#0"},
				"west": {"uv": [13, 4, 14, 5], "texture": "#0"},
				"up": {"uv": [13, 4, 14, 5], "texture": "#0"},
				"down": {"uv": [13, 4, 14, 5], "texture": "#0"}
			}
		},
		{
			"from": [7.36364, 6, 4.5],
			"to": [9.36364, 9, 5.5],
			"rotation": {"angle": 0, "axis": "y", "origin": [8, 8, 8]},
			"faces": {
				"north": {"uv": [10, 1, 12, 4], "texture": "#0"},
				"east": {"uv": [10, 1, 11, 4], "texture": "#0"},
				"south": {"uv": [10, 1, 12, 4], "texture": "#0"},
				"west": {"uv": [11, 1, 12, 4], "texture": "#0"},
				"up": {"uv": [10, 1, 12, 4], "texture": "#0"},
				"down": {"uv": [10, 1, 12, 4], "texture": "#0"}
			}
		},
		{
			"from": [7.36364, 7, 5.5],
			"to": [9.36364, 8, 10.5],
			"rotation": {"angle": 0, "axis": "y", "origin": [8, 8, 8]},
			"faces": {
				"north": {"uv": [15, 0, 16, 1], "texture": "#0"},
				"east": {"uv": [11, 0, 16, 1], "texture": "#0"},
				"south": {"uv": [11, 0, 12, 1], "texture": "#0"},
				"west": {"uv": [11, 0, 16, 1], "texture": "#0"},
				"up": {"uv": [11, 0, 16, 1], "texture": "#0"},
				"down": {"uv": [11, 0, 16, 1], "texture": "#0"}
			}
		},
		{
			"from": [7.36364, 6, 10.5],
			"to": [9.36364, 9, 11.5],
			"rotation": {"angle": 0, "axis": "y", "origin": [8, 8, 8]},
			"faces": {
				"north": {"uv": [5, 0, 7, 3], "texture": "#0"},
				"east": {"uv": [6, 0, 7, 3], "texture": "#0"},
				"south": {"uv": [5, 0, 7, 3], "texture": "#0"},
				"west": {"uv": [5, 0, 6, 3], "texture": "#0"},
				"up": {"uv": [5, 0, 7, 3], "texture": "#0"},
				"down": {"uv": [5, 0, 7, 3], "texture": "#0"}
			}
		}
	],
	"display": {
		"thirdperson_righthand": {
			"rotation": [-22, 89, 91],
			"translation": [-6, -7.5, -8.75]
		},
		"head": {
			"rotation": [0, 90, 0],
			"translation": [0, -42.5, -2.25]
		}
	},
	"groups": [
		{
			"name": "group",
			"origin": [8, 8, 8],
			"color": 0,
			"children": [0, 1, 2, 3, 4, 5, 6, 7, 8, 9, 10]
		}
	]
}