{
    "type": "minecraft:crafting_shaped",
    "pattern": [
        " # ",
        "KEK",
        " W "
    ],
    "key": {
        "#": {
            "item": "minecraft:experience_bottle"
        },
        "K": {
            "item": "minecraft:knowledge_book"
        },
        "E": {
            "item": "minecraft:enchanted_golden_apple"
        },
        "W": {
            "item": "minecraft:writable_book"
        }
    },
    "result": {
        "item": "minecraft:enchanted_book",
        "count": 1
    }
}