{
    "type": "minecraft:crafting_shaped",
    "pattern": [
        "#S#",
        "EHE",
        "#T#"
    ],
    "key": {
        "#": {
            "item": "minecraft:enchanted_book"
        },
        "S": {
            "item": "minecraft:soul_lantern"
        },
        "E": {
            "item": "minecraft:experience_bottle"
        },
        "H": {
            "item": "minecraft:heart_of_the_sea"
        },
        "T": {
            "item": "minecraft:totem_of_undying"
        }
    },
    "result": {
        "item": "minecraft:blue_orchid",
        "count": 1
    }
}