{
    "type": "minecraft:crafting_shaped",
    "pattern": [
        "#S#",
        "EGE",
        "#T#"
    ],
    "key": {
        "#": {
            "item": "minecraft:enchanted_book"
        },
        "S": {
            "item": "minecraft:soul_lantern"
        },
        "E": {
            "item": "minecraft:experience_bottle"
        },
        "G": {
            "item": "minecraft:ghast_tear"
        },
        "T": {
            "item": "minecraft:totem_of_undying"
        }
    },
    "result": {
        "item": "minecraft:oxeye_daisy",
        "count": 1
    }
}